{"mshOrEVNOrPID":[{"msh1":"|","msh2":"^~\\\u0026","msh3":{"msh31":"ADT1"},"msh4":{"msh41":"MCM"},"msh5":{"msh51":"LABADT"},"msh6":{"msh61":"MCM"},"msh7":{"msh71":198808181126},"msh8":{"msh81":"SECURITY"},"msh9":{"msh91":"ADT","msh92":"A04"},"msh10":{"msh101":"MSG00001"},"msh11":{"msh111":"P"},"msh12":{"msh121":2.4}},{"evn1":{"evn11":"A01-"},"evn2":{"evn21":198808181123}},{"pid1":"","pid2":"","pid3":{"pid31":"PATID1234","pid32":5,"pid33":"M11"},"pid4":"","pid5":{"pid51":"JONES","pid52":"WILLIAM","pid53":"A","pid54":"III"},"pid6":"","pid7":{"pid71":19610615},"pid8":{"pid81":"M-"},"pid9":"","pid10":{"pid101":"2106-3"},"pid11":{"pid111":"1200 N ELM STREET","pid112":"","pid113":"GREENSBORO","pid114":"NC","pid115":"27401-1020"},"pid12":{"pid121":"GL"},"pid13":{"pid131":"(919)379-1212"},"pid14":[{"pid141":"(919)271-3434"},{"pid141":"(919)277-3114"}],"pid15":"","pid16":{"pid161":"S"},"pid17":"","pid18":{"pid181":"PATID12345001","pid182":2,"pid183":"M10"},"pid19":{"pid191":123456789},"pid20":{"pid201":"9-87654","pid202":"NC"}},{"nk11":{"nk111":1},"nk12":{"nk121":"JONES","nk122":"BARBARA","nk123":"K"},"nk13":{"nk131":"SPO"},"nk14":"","nk15":"","nk16":"","nk17":"","nk18":{"nk181":20011105}},{"nk11":{"nk111":1},"nk12":{"nk121":"JONES","nk122":"MICHAEL","nk123":"A"},"nk13":{"nk131":"FTH"}},{"pv11":{"pv111":1},"pv12":{"pv121":"I"},"pv13":{"pv131":2000,"pv132":2012,"pv133":1},"pv14":"","pv15":"","pv16":"","pv17":{"pv171":4777,"pv172":"LEBAUER","pv173":"SIDNEY","pv174":"J."},"pv18":"","pv19":"","pv110":{"pv1101":"SUR"},"pv111":"","pv112":{"pv1121":0},"pv113":"","pv114":{"pv1141":1},"pv115":{"pv1151":"A0-"}},{"al11":{"al111":1},"al12":"","al13":{"al131":"","al132":"PENICILLIN"},"al14":"","al15":[{"al151":"PRODUCES HIVES"},{"al151":"RASH"}]},{"al11":{"al111":2},"al12":"","al13":{"al131":"","al132":"CAT DANDER"}},{"dg11":{"dg111":1},"dg12":{"dg121":"I9"},"dg13":{"dg131":1550},"dg14":{"dg141":"MAL NEO LIVER, PRIMARY"},"dg15":{"dg151":19880501103005},"dg16":{"dg161":"F"},"dg17":"","dg18":""},{"pr11":{"pr111":2234},"pr12":{"pr121":"M11"},"pr13":{"pr131":111,"pr132":"CODE151"},"pr14":{"pr141":"COMMON PROCEDURES"},"pr15":{"pr151":198809081123}},{"rol1":{"rol11":45,"rol12":"RECORDER","rol13":"ROLE MASTER LIST"},"rol2":{"rol21":"AD"},"rol3":{"rol31":"CP"},"rol4":{"rol41":"KATE","rol42":"SMITH","rol43":"ELLEN"},"rol5":{"rol51":199505011201}},{"gt11":{"gt111":1122},"gt12":{"gt121":1519},"gt13":{"gt131":"BILL","gt132":"GATES","gt133":"A"}},{"in11":{"in111":1},"in12":{"in121":"A357"},"in13":{"in131":1234},"in14":{"in141":"BCMD"},"in15":"","in16":"","in17":"","in18":"","in19":{"in191":132987}},{"in21":{"in211":"ID1551001"},"in22":{"in221":"SSN12345678"}},{"rol1":{"rol11":45,"rol12":"RECORDER","rol13":"ROLE MASTER LIST"},"rol2":{"rol21":"AD"},"rol3":{"rol31":"CP"},"rol4":{"rol41":"KATE","rol42":"ELLEN"},"rol5":{"rol51":199505011201}}]}
