<channel version="3.4.0">
  <id>39f4aa68-be3e-4290-aec8-70f82f90da5c</id>
  <nextMetaDataId>2</nextMetaDataId>
  <name>JSONTest</name>
  <description></description>
  <enabled>true</enabled>
  <lastModified>
    <time>1461608091027</time>
    <timezone>America/New_York</timezone>
  </lastModified>
  <revision>7</revision>
  <sourceConnector version="3.4.0">
    <metaDataId>0</metaDataId>
    <name>sourceConnector</name>
    <properties class="com.mirth.connect.connectors.file.FileReceiverProperties" version="3.4.0">
      <pluginProperties/>
      <pollConnectorProperties version="3.4.0">
        <pollingType>INTERVAL</pollingType>
        <pollOnStart>false</pollOnStart>
        <pollingFrequency>5000</pollingFrequency>
        <pollingHour>0</pollingHour>
        <pollingMinute>0</pollingMinute>
        <cronJobs/>
        <pollConnectorPropertiesAdvanced>
          <weekly>true</weekly>
          <inactiveDays>
            <boolean>false</boolean>
            <boolean>false</boolean>
            <boolean>false</boolean>
            <boolean>false</boolean>
            <boolean>false</boolean>
            <boolean>false</boolean>
            <boolean>false</boolean>
            <boolean>false</boolean>
          </inactiveDays>
          <dayOfMonth>1</dayOfMonth>
          <allDay>true</allDay>
          <startingHour>8</startingHour>
          <startingMinute>0</startingMinute>
          <endingHour>17</endingHour>
          <endingMinute>0</endingMinute>
        </pollConnectorPropertiesAdvanced>
      </pollConnectorProperties>
      <sourceConnectorProperties version="3.4.0">
        <responseVariable>None</responseVariable>
        <respondAfterProcessing>true</respondAfterProcessing>
        <processBatch>false</processBatch>
        <firstResponse>false</firstResponse>
        <processingThreads>1</processingThreads>
        <resourceIds class="linked-hash-map">
          <entry>
            <string>Default Resource</string>
            <string>[Default Resource]</string>
          </entry>
        </resourceIds>
        <queueBufferSize>1000</queueBufferSize>
      </sourceConnectorProperties>
      <scheme>FILE</scheme>
      <host>c:/mirth/in</host>
      <fileFilter>*</fileFilter>
      <regex>false</regex>
      <directoryRecursion>false</directoryRecursion>
      <ignoreDot>true</ignoreDot>
      <anonymous>true</anonymous>
      <username>anonymous</username>
      <password>anonymous</password>
      <timeout>10000</timeout>
      <secure>true</secure>
      <passive>true</passive>
      <validateConnection>true</validateConnection>
      <afterProcessingAction>DELETE</afterProcessingAction>
      <moveToDirectory></moveToDirectory>
      <moveToFileName></moveToFileName>
      <errorReadingAction>NONE</errorReadingAction>
      <errorResponseAction>AFTER_PROCESSING</errorResponseAction>
      <errorMoveToDirectory></errorMoveToDirectory>
      <errorMoveToFileName></errorMoveToFileName>
      <checkFileAge>true</checkFileAge>
      <fileAge>1000</fileAge>
      <fileSizeMinimum>0</fileSizeMinimum>
      <fileSizeMaximum></fileSizeMaximum>
      <ignoreFileSizeMaximum>true</ignoreFileSizeMaximum>
      <sortBy>date</sortBy>
      <binary>false</binary>
      <charsetEncoding>DEFAULT_ENCODING</charsetEncoding>
    </properties>
    <transformer version="3.4.0">
      <steps/>
      <inboundDataType>HL7V2</inboundDataType>
      <outboundDataType>XML</outboundDataType>
      <inboundProperties class="com.mirth.connect.plugins.datatypes.hl7v2.HL7v2DataTypeProperties" version="3.4.0">
        <serializationProperties class="com.mirth.connect.plugins.datatypes.hl7v2.HL7v2SerializationProperties" version="3.4.0">
          <handleRepetitions>true</handleRepetitions>
          <handleSubcomponents>true</handleSubcomponents>
          <useStrictParser>false</useStrictParser>
          <useStrictValidation>false</useStrictValidation>
          <stripNamespaces>true</stripNamespaces>
          <segmentDelimiter>\r</segmentDelimiter>
          <convertLineBreaks>true</convertLineBreaks>
        </serializationProperties>
        <deserializationProperties class="com.mirth.connect.plugins.datatypes.hl7v2.HL7v2DeserializationProperties" version="3.4.0">
          <useStrictParser>false</useStrictParser>
          <useStrictValidation>false</useStrictValidation>
          <segmentDelimiter>\r</segmentDelimiter>
        </deserializationProperties>
        <batchProperties class="com.mirth.connect.plugins.datatypes.hl7v2.HL7v2BatchProperties" version="3.4.0">
          <splitType>MSH_Segment</splitType>
          <batchScript></batchScript>
        </batchProperties>
        <responseGenerationProperties class="com.mirth.connect.plugins.datatypes.hl7v2.HL7v2ResponseGenerationProperties" version="3.4.0">
          <segmentDelimiter>\r</segmentDelimiter>
          <successfulACKCode>AA</successfulACKCode>
          <successfulACKMessage></successfulACKMessage>
          <errorACKCode>AE</errorACKCode>
          <errorACKMessage>An Error Occurred Processing Message.</errorACKMessage>
          <rejectedACKCode>AR</rejectedACKCode>
          <rejectedACKMessage>Message Rejected.</rejectedACKMessage>
          <msh15ACKAccept>false</msh15ACKAccept>
          <dateFormat>yyyyMMddHHmmss.SSS</dateFormat>
        </responseGenerationProperties>
        <responseValidationProperties class="com.mirth.connect.plugins.datatypes.hl7v2.HL7v2ResponseValidationProperties" version="3.4.0">
          <successfulACKCode>AA,CA</successfulACKCode>
          <errorACKCode>AE,CE</errorACKCode>
          <rejectedACKCode>AR,CR</rejectedACKCode>
          <validateMessageControlId>true</validateMessageControlId>
          <originalMessageControlId>Destination_Encoded</originalMessageControlId>
          <originalIdMapVariable></originalIdMapVariable>
        </responseValidationProperties>
      </inboundProperties>
      <outboundProperties class="com.mirth.connect.plugins.datatypes.xml.XMLDataTypeProperties" version="3.4.0">
        <serializationProperties class="com.mirth.connect.plugins.datatypes.xml.XMLSerializationProperties" version="3.4.0">
          <stripNamespaces>true</stripNamespaces>
        </serializationProperties>
        <batchProperties class="com.mirth.connect.plugins.datatypes.xml.XMLBatchProperties" version="3.4.0">
          <splitType>Element_Name</splitType>
          <elementName></elementName>
          <level>1</level>
          <query></query>
          <batchScript></batchScript>
        </batchProperties>
      </outboundProperties>
    </transformer>
    <filter version="3.4.0">
      <rules/>
    </filter>
    <transportName>File Reader</transportName>
    <mode>SOURCE</mode>
    <enabled>true</enabled>
    <waitForPrevious>true</waitForPrevious>
  </sourceConnector>
  <destinationConnectors>
    <connector version="3.4.0">
      <metaDataId>1</metaDataId>
      <name>Destination 1</name>
      <properties class="com.mirth.connect.connectors.file.FileDispatcherProperties" version="3.4.0">
        <pluginProperties/>
        <destinationConnectorProperties version="3.4.0">
          <queueEnabled>false</queueEnabled>
          <sendFirst>false</sendFirst>
          <retryIntervalMillis>10000</retryIntervalMillis>
          <regenerateTemplate>false</regenerateTemplate>
          <retryCount>0</retryCount>
          <rotate>false</rotate>
          <includeFilterTransformer>false</includeFilterTransformer>
          <threadCount>1</threadCount>
          <threadAssignmentVariable></threadAssignmentVariable>
          <validateResponse>false</validateResponse>
          <resourceIds class="linked-hash-map">
            <entry>
              <string>Default Resource</string>
              <string>[Default Resource]</string>
            </entry>
          </resourceIds>
          <queueBufferSize>1000</queueBufferSize>
        </destinationConnectorProperties>
        <scheme>FILE</scheme>
        <host>c:/mirth/out</host>
        <outputPattern>out.txt</outputPattern>
        <anonymous>true</anonymous>
        <username>anonymous</username>
        <password>anonymous</password>
        <timeout>10000</timeout>
        <secure>true</secure>
        <passive>true</passive>
        <validateConnection>true</validateConnection>
        <outputAppend>false</outputAppend>
        <errorOnExists>false</errorOnExists>
        <temporary>false</temporary>
        <binary>false</binary>
        <charsetEncoding>DEFAULT_ENCODING</charsetEncoding>
        <template>${json}</template>
      </properties>
      <transformer version="3.4.0">
        <steps>
          <step>
            <sequenceNumber>0</sequenceNumber>
            <name>New Step</name>
            <script>var json = &quot;&quot;;
var xml = msg;
var process = new Packages.com.phdcc.homehealth.JsonParse();&#xd;
json = process.XMLtoJSON(xml);

channelMap.put(&apos;json&apos;, json);
channelMap.put(&apos;xml&apos;, xml);</script>
            <type>JavaScript</type>
            <data>
              <entry>
                <string>Script</string>
                <string>var json = &quot;&quot;;
var xml = msg;
var process = new Packages.com.phdcc.homehealth.JsonParse();&#xd;
json = process.XMLtoJSON(xml);

channelMap.put(&apos;json&apos;, json);
channelMap.put(&apos;xml&apos;, xml);</string>
              </entry>
            </data>
          </step>
        </steps>
        <inboundTemplate encoding="base64"></inboundTemplate>
        <outboundTemplate encoding="base64"></outboundTemplate>
        <inboundDataType>XML</inboundDataType>
        <outboundDataType>JSON</outboundDataType>
        <inboundProperties class="com.mirth.connect.plugins.datatypes.xml.XMLDataTypeProperties" version="3.4.0">
          <serializationProperties class="com.mirth.connect.plugins.datatypes.xml.XMLSerializationProperties" version="3.4.0">
            <stripNamespaces>true</stripNamespaces>
          </serializationProperties>
          <batchProperties class="com.mirth.connect.plugins.datatypes.xml.XMLBatchProperties" version="3.4.0">
            <splitType>Element_Name</splitType>
            <elementName></elementName>
            <level>1</level>
            <query></query>
            <batchScript></batchScript>
          </batchProperties>
        </inboundProperties>
        <outboundProperties class="com.mirth.connect.plugins.datatypes.json.JSONDataTypeProperties" version="3.4.0">
          <batchProperties class="com.mirth.connect.plugins.datatypes.json.JSONBatchProperties" version="3.4.0">
            <splitType>JavaScript</splitType>
            <batchScript></batchScript>
          </batchProperties>
        </outboundProperties>
      </transformer>
      <responseTransformer version="3.4.0">
        <steps/>
        <inboundDataType>JSON</inboundDataType>
        <outboundDataType>JSON</outboundDataType>
        <inboundProperties class="com.mirth.connect.plugins.datatypes.json.JSONDataTypeProperties" version="3.4.0">
          <batchProperties class="com.mirth.connect.plugins.datatypes.json.JSONBatchProperties" version="3.4.0">
            <splitType>JavaScript</splitType>
            <batchScript></batchScript>
          </batchProperties>
        </inboundProperties>
        <outboundProperties class="com.mirth.connect.plugins.datatypes.json.JSONDataTypeProperties" version="3.4.0">
          <batchProperties class="com.mirth.connect.plugins.datatypes.json.JSONBatchProperties" version="3.4.0">
            <splitType>JavaScript</splitType>
            <batchScript></batchScript>
          </batchProperties>
        </outboundProperties>
      </responseTransformer>
      <filter version="3.4.0">
        <rules/>
      </filter>
      <transportName>File Writer</transportName>
      <mode>DESTINATION</mode>
      <enabled>true</enabled>
      <waitForPrevious>true</waitForPrevious>
    </connector>
  </destinationConnectors>
  <preprocessingScript>// Modify the message variable below to pre process data
return message;</preprocessingScript>
  <postprocessingScript>// This script executes once after a message has been processed
// Responses returned from here will be stored as &quot;Postprocessor&quot; in the response map
return;</postprocessingScript>
  <deployScript>// This script executes once when the channel is deployed
// You only have access to the globalMap and globalChannelMap here to persist data
return;</deployScript>
  <undeployScript>// This script executes once when the channel is undeployed
// You only have access to the globalMap and globalChannelMap here to persist data
return;</undeployScript>
  <properties version="3.4.0">
    <clearGlobalChannelMap>true</clearGlobalChannelMap>
    <messageStorageMode>DEVELOPMENT</messageStorageMode>
    <encryptData>false</encryptData>
    <removeContentOnCompletion>false</removeContentOnCompletion>
    <removeOnlyFilteredOnCompletion>false</removeOnlyFilteredOnCompletion>
    <removeAttachmentsOnCompletion>false</removeAttachmentsOnCompletion>
    <initialState>STARTED</initialState>
    <storeAttachments>false</storeAttachments>
    <tags class="linked-hash-set"/>
    <metaDataColumns>
      <metaDataColumn>
        <name>SOURCE</name>
        <type>STRING</type>
        <mappingName>mirth_source</mappingName>
      </metaDataColumn>
      <metaDataColumn>
        <name>TYPE</name>
        <type>STRING</type>
        <mappingName>mirth_type</mappingName>
      </metaDataColumn>
    </metaDataColumns>
    <attachmentProperties version="3.4.0">
      <type>None</type>
      <properties/>
    </attachmentProperties>
    <archiveEnabled>true</archiveEnabled>
    <resourceIds class="linked-hash-map">
      <entry>
        <string>Default Resource</string>
        <string>[Default Resource]</string>
      </entry>
    </resourceIds>
  </properties>
  <codeTemplateLibraries/>
</channel>